date,gameId,mlbGameId,espnEventId,side,team,opponent,isHome,fanGraphsWinPct,fairMoneyline,espnMoneyline,marketImpliedPct,edgePct,expectedRoi,hit,profit,awayScore,homeScore,winner
2026-05-04,20260522,824363,401815210,away,NYM,COL,false,0.642,-179,-149,0.598394,0.043606,0.072872,true,0.671141,4,2,NYM
2026-05-04,20260514,823874,401815204,away,PHI,MIA,false,0.5631,-129,-105,0.512195,0.050905,0.099386,true,0.952381,1,0,PHI
2026-05-04,20260515,824283,401815203,home,DET,BOS,true,0.4941,102,104,0.490196,0.003904,0.007964,false,-1,5,4,BOS
2026-05-04,20260516,822984,401815205,away,TOR,TBR,false,0.483,107,109,0.478469,0.004531,0.00947,false,-1,1,5,TBR
2026-05-04,20260517,823552,401815202,away,BAL,NYY,false,0.3935,154,189,0.346021,0.047479,0.137215,false,-1,1,12,NYY
2026-05-04,20260518,824684,401815206,away,CIN,CHC,false,0.3817,162,183,0.353357,0.028343,0.080211,false,-1,4,5,CHC
2026-05-04,20260520,823064,401815209,home,STL,MIL,true,0.4882,105,105,0.487805,0.000395,0.00081,true,1.05,3,6,STL
2026-05-04,20260521,824201,401815208,home,HOU,LAD,true,0.4254,135,163,0.380228,0.045172,0.118802,false,-1,8,3,LAD
2026-05-04,20260523,824039,401815212,away,CHW,LAA,false,0.4745,111,133,0.429185,0.045315,0.105585,true,1.33,6,0,CHW
2026-05-04,20260524,823143,401815211,home,SEA,ATL,true,0.6227,-165,-143,0.588477,0.034223,0.058155,true,0.699301,4,5,SEA
2026-05-04,20260525,823228,401815213,home,SFG,SDP,true,0.4953,102,108,0.480769,0.014531,0.030224,true,1.08,2,3,SFG
2026-05-05,20260526,824281,401815216,away,BOS,DET,false,0.4585,118,133,0.429185,0.029315,0.068305,true,1.33,10,3,BOS
2026-05-05,20260529,823873,401815215,away,BAL,MIA,false,0.4782,109,115,0.465116,0.013084,0.02813,true,1.15,9,7,BAL
2026-05-05,20260530,822743,401815217,home,WSN,MIN,true,0.5309,-113,-102,0.50495,0.02595,0.05139,false,-1,11,3,MIN
2026-05-05,20260531,823553,401815218,away,TEX,NYY,false,0.4879,105,113,0.469484,0.018416,0.039227,false,-1,4,7,NYY
2026-05-05,20260532,824682,401815220,away,CIN,CHC,false,0.4513,122,137,0.421941,0.029359,0.069581,false,-1,2,3,CHC
2026-05-05,20260535,824200,401815222,home,HOU,LAD,true,0.3639,175,184,0.352113,0.011787,0.033476,true,1.84,1,2,HOU
2026-05-05,20260538,825092,401815227,home,ARI,PIT,true,0.5872,-142,-130,0.565217,0.021983,0.038892,true,0.769231,0,9,ARI
2026-05-05,20260539,823142,401815225,home,SEA,ATL,true,0.5722,-134,-131,0.5671,0.0051,0.008994,false,-1,3,2,ATL
2026-05-06,20260545,823226,401815243,away,SDP,SFG,false,0.5522,-123,-102,0.50495,0.04725,0.093573,true,0.980392,5,1,SDP
2026-05-06,20260546,824036,401815241,away,CHW,LAA,false,0.5681,-132,-113,0.530516,0.037584,0.070843,false,-1,2,8,LAA
2026-05-06,20260550,823872,401815230,away,BAL,MIA,false,0.4854,106,109,0.478469,0.006931,0.014486,true,1.09,7,4,BAL
2026-05-06,20260551,822740,401815232,home,WSN,MIN,true,0.491,104,105,0.487805,0.003195,0.00655,true,1.05,2,15,WSN
2026-05-06,20260552,823550,401815233,away,TEX,NYY,false,0.4341,130,141,0.414938,0.019162,0.046181,true,1.41,6,1,TEX
2026-05-06,20260553,824683,401815235,away,CIN,CHC,false,0.4619,116,140,0.416667,0.045233,0.10856,false,-1,6,7,CHC
2026-05-06,20260554,824118,401815236,home,KCR,CLE,true,0.6202,-163,-141,0.585062,0.035138,0.060058,false,-1,3,1,CLE
2026-05-07,20260556,823551,401815248,away,TEX,NYY,false,0.4825,107,131,0.4329,0.0496,0.114575,false,-1,2,9,NYY
2026-05-07,20260559,824681,401815249,away,CIN,CHC,false,0.3851,160,169,0.371747,0.013353,0.035919,false,-1,3,8,CHC
2026-05-07,20260536,824362,401871498,away,NYM,COL,false,0.6004,-150,-136,0.576271,0.024129,0.041871,false,-1,2,6,COL
2026-05-07,20260561,823467,401815244,away,ATH,PHI,false,0.4764,110,114,0.46729,0.00911,0.019496,true,1.14,12,1,ATH
2026-05-07,20260562,823870,401815245,away,BAL,MIA,false,0.4982,101,104,0.490196,0.008004,0.016328,false,-1,3,4,MIA
2026-05-08,20260566,823466,401815255,home,PHI,COL,true,0.7327,-274,-232,0.698795,0.033905,0.048519,false,-1,9,7,COL
2026-05-08,20260569,823871,401815259,away,WSN,MIA,false,0.4702,113,117,0.460829,0.009371,0.020334,true,1.17,3,2,WSN
2026-05-08,20260570,824768,401815258,away,TBR,BOS,false,0.469,113,114,0.46729,0.00171,0.00366,false,-1,0,2,BOS
2026-05-08,20260571,824443,401815257,away,MIN,CLE,false,0.4938,103,123,0.44843,0.04537,0.101174,false,-1,4,6,CLE
2026-05-08,20260572,823794,401815262,away,NYY,MIL,false,0.5665,-131,-128,0.561404,0.005096,0.009078,false,-1,0,6,MIL
2026-05-08,20260573,824116,401815261,home,KCR,DET,true,0.6056,-154,-149,0.598394,0.007206,0.012043,true,0.671141,3,4,KCR
2026-05-08,20260575,822904,401815260,home,TEX,CHC,true,0.4976,101,108,0.480769,0.016831,0.035008,false,-1,7,1,CHC
2026-05-08,20260576,825088,401815265,away,NYM,ARI,false,0.5706,-133,-122,0.54955,0.02105,0.038305,true,0.819672,3,1,NYM
2026-05-08,20260578,823957,401815264,away,ATL,LAD,false,0.5313,-113,-110,0.52381,0.00749,0.0143,false,-1,1,3,LAD
2026-05-08,20260579,823225,401815266,home,SFG,PIT,true,0.5362,-116,-115,0.534884,0.001316,0.002461,true,0.869565,2,5,SFG
2026-05-09,20260584,823869,401815274,away,WSN,MIA,false,0.5275,-112,135,0.425532,0.101968,0.239625,false,-1,7,8,MIA
2026-05-09,20260585,823468,401815270,away,COL,PHI,false,0.3996,150,157,0.389105,0.010495,0.026972,false,-1,3,9,PHI
2026-05-09,20260587,822905,401815275,home,TEX,CHC,true,0.4959,102,108,0.480769,0.015131,0.031472,true,1.08,0,6,TEX
2026-05-09,20260588,824115,401815276,away,DET,KCR,false,0.4963,101,108,0.480769,0.015531,0.032304,false,-1,1,5,KCR
2026-05-09,20260589,823792,401815277,home,MIL,NYY,true,0.4961,102,113,0.469484,0.026616,0.056693,true,1.13,3,4,MIL
2026-05-09,20260591,825089,401815280,home,ARI,NYM,true,0.5316,-113,-110,0.52381,0.00779,0.014873,true,0.909091,1,2,ARI
2026-05-09,20260592,823304,401815282,away,STL,SDP,false,0.4775,109,119,0.456621,0.020879,0.045725,false,-1,2,4,SDP
2026-05-10,20260595,823868,401815289,away,WSN,MIA,false,0.5063,-103,114,0.46729,0.03901,0.083482,false,-1,2,5,MIA
2026-05-10,20260596,824845,401815284,home,BAL,ATH,true,0.5477,-121,-118,0.541284,0.006416,0.011853,true,0.847458,1,2,BAL
2026-05-10,20260602,823793,401815292,away,NYY,MIL,false,0.5539,-124,100,0.5,0.0539,0.1078,false,-1,3,4,MIL
2026-05-10,20260603,824605,401815293,away,SEA,CHW,false,0.599,-149,-141,0.585062,0.013938,0.023823,false,-1,1,2,CHW
2026-05-10,20260604,822902,401815290,home,TEX,CHC,true,0.5844,-141,-123,0.55157,0.03283,0.059522,true,0.813008,0,3,TEX
2026-05-10,20260606,825085,401815295,away,NYM,ARI,false,0.523,-110,-105,0.512195,0.010805,0.021095,false,-1,1,5,ARI
2026-05-10,20260608,823954,401815294,home,LAD,ATL,true,0.5976,-149,-143,0.588477,0.009123,0.015502,false,-1,7,2,ATL
2026-05-10,20260609,824113,401815291,away,DET,KCR,false,0.4845,106,109,0.478469,0.006031,0.012605,true,1.09,6,3,DET
2026-05-11,20260610,824441,401815298,away,LAA,CLE,false,0.4137,142,144,0.409836,0.003864,0.009428,false,-1,2,7,CLE
2026-05-11,20260611,824844,401815299,home,BAL,NYY,true,0.4545,120,124,0.446429,0.008071,0.01808,true,1.24,2,3,BAL
2026-05-11,20260614,824199,401815302,away,SEA,HOU,false,0.6198,-163,-156,0.609375,0.010425,0.017108,true,0.641026,3,1,SEA
2026-05-12,20260616,824442,401815304,home,CLE,LAA,true,0.6515,-187,-136,0.576271,0.075229,0.130544,true,0.735294,2,3,CLE
2026-05-12,20260617,824843,401815308,home,BAL,NYY,true,0.4998,100,119,0.456621,0.043179,0.094562,false,-1,6,2,NYY
2026-05-12,20260618,824521,401815311,away,WSN,CIN,false,0.4831,107,124,0.446429,0.036671,0.082144,true,1.24,10,4,WSN
2026-05-12,20260619,823385,401815306,away,COL,PIT,false,0.2982,235,238,0.295858,0.002342,0.007916,false,-1,1,3,PIT
2026-05-12,20260623,824927,401815305,home,ATL,CHC,true,0.5524,-123,-122,0.54955,0.00285,0.005187,true,0.819672,2,5,ATL
2026-05-12,20260626,823790,401815315,away,SDP,MIL,false,0.4972,101,124,0.446429,0.050771,0.113728,false,-1,4,6,MIL
2026-05-12,20260629,825011,401815318,away,STL,ATH,false,0.4374,129,129,0.436681,0.000719,0.001646,true,1.29,6,4,STL
2026-05-12,20260630,823951,401815317,away,SFG,LAD,false,0.2916,243,273,0.268097,0.023503,0.087668,true,2.73,6,2,SFG
2026-05-13,20260631,824438,401815319,away,LAA,CLE,false,0.4617,117,131,0.4329,0.0288,0.066527,false,-1,2,4,CLE
2026-05-13,20260632,824841,401815323,home,BAL,NYY,true,0.4696,113,135,0.425532,0.044068,0.10356,true,1.35,0,7,BAL
2026-05-13,20260634,823386,401815321,away,COL,PIT,false,0.4091,144,153,0.395257,0.013843,0.035023,true,1.53,10,4,COL
2026-05-13,20260636,822815,401815325,away,TBR,TOR,false,0.4562,119,124,0.446429,0.009771,0.021888,false,-1,3,5,TOR
2026-05-13,20260638,824928,401815320,away,CHC,ATL,false,0.5735,-134,-130,0.565217,0.008283,0.014654,false,-1,1,4,ATL
2026-05-13,20260641,823791,401815330,away,SDP,MIL,false,0.4644,115,139,0.41841,0.04599,0.109916,true,1.39,3,1,SDP
2026-05-13,20260643,824195,401815331,away,SEA,HOU,false,0.5701,-133,-130,0.565217,0.004883,0.008638,false,-1,3,4,HOU
2026-05-13,20260645,823952,401815332,away,SFG,LAD,false,0.3642,175,202,0.331126,0.033074,0.099884,false,-1,0,4,LAD
2026-05-14,20260646,823383,401815335,home,PIT,COL,true,0.6731,-206,-180,0.642857,0.030243,0.047044,true,0.555556,2,7,PIT
2026-05-14,20260647,824517,401815338,away,WSN,CIN,false,0.4629,116,134,0.42735,0.03555,0.083186,false,-1,1,15,CIN
2026-05-14,20260650,823789,401815341,away,SDP,MIL,false,0.4925,103,118,0.458716,0.033784,0.07365,false,-1,1,7,MIL
2026-05-14,20260651,824196,401815342,away,SEA,HOU,false,0.5513,-123,-119,0.543379,0.007921,0.014577,true,0.840336,8,3,SEA
2026-05-14,20260653,824762,401815337,away,PHI,BOS,false,0.5257,-111,-102,0.50495,0.02075,0.041092,true,0.980392,3,1,PHI
2026-05-15,20260657,823384,401815350,away,PHI,PIT,false,0.5234,-110,113,0.469484,0.053916,0.114842,true,1.13,11,9,PHI
2026-05-15,20260658,824280,401815351,home,DET,TOR,true,0.514,-106,105,0.487805,0.026195,0.0537,true,1.05,2,3,DET
2026-05-15,20260659,822739,401815345,home,WSN,BAL,true,0.4955,102,119,0.456621,0.038879,0.085145,true,1.19,2,3,WSN
2026-05-15,20260661,822983,401815348,home,TBR,MIA,true,0.5631,-129,-128,0.561404,0.001696,0.003022,true,0.78125,2,7,TBR
2026-05-15,20260662,824925,401815346,away,BOS,ATL,false,0.471,112,119,0.456621,0.014379,0.03149,false,-1,2,3,ATL
2026-05-15,20260663,823629,401815349,home,NYM,NYY,true,0.4739,111,123,0.44843,0.02547,0.056797,false,-1,5,2,NYY
2026-05-15,20260668,824360,401815356,away,ARI,COL,false,0.5887,-143,-119,0.543379,0.045321,0.083406,true,0.840336,9,1,ARI
2026-05-15,20260669,824037,401815357,home,LAA,LAD,true,0.4044,147,158,0.387597,0.016803,0.043352,false,-1,6,0,LAD
2026-05-16,20260673,823060,401815368,away,KCR,STL,false,0.5378,-116,-106,0.514563,0.023237,0.045158,false,-1,2,4,STL
2026-05-16,20260674,824359,401815371,away,ARI,COL,false,0.6148,-160,-144,0.590164,0.024636,0.041744,false,-1,2,4,COL
2026-05-16,20260675,822737,401815360,home,WSN,BAL,true,0.5484,-121,-107,0.516908,0.031492,0.060923,true,0.934579,3,13,WSN
2026-05-16,20260676,823382,401815365,away,PHI,PIT,false,0.6346,-174,-171,0.630996,0.003604,0.005711,true,0.584795,6,0,PHI
2026-05-16,20260680,824600,401815367,home,CHW,CHC,true,0.524,-110,-107,0.516908,0.007092,0.01372,true,0.934579,3,8,CHW
2026-05-16,20260683,824924,401815361,away,BOS,ATL,false,0.5511,-123,107,0.483092,0.068008,0.140777,true,1.07,3,2,BOS
2026-05-16,20260684,823627,401815364,home,NYM,NYY,true,0.4995,100,105,0.487805,0.011695,0.023975,true,1.05,3,6,NYM
2026-05-16,20260685,824038,401815372,home,LAA,LAD,true,0.5287,-112,113,0.469484,0.059216,0.126131,false,-1,15,2,LAD
2026-05-17,20260688,822738,401815375,home,WSN,BAL,true,0.5751,-135,100,0.5,0.0751,0.1502,false,-1,7,3,BAL
2026-05-17,20260689,823381,401815380,away,PHI,PIT,false,0.5027,-101,108,0.480769,0.021931,0.045616,true,1.08,6,0,PHI
2026-05-17,20260691,824279,401815381,home,DET,TOR,true,0.5315,-113,-102,0.50495,0.02655,0.052578,false,-1,4,1,TOR
2026-05-17,20260694,824192,401815385,away,TEX,HOU,false,0.5704,-133,-126,0.557522,0.012878,0.023098,true,0.793651,8,0,TEX
2026-05-17,20260695,824599,401815382,home,CHW,CHC,true,0.48,108,109,0.478469,0.001531,0.0032,true,1.09,8,9,CHW
2026-05-17,20260699,825006,401815389,home,ATH,SFG,true,0.6223,-165,-149,0.598394,0.023906,0.039951,false,-1,10,1,SFG
2026-05-17,20260700,824034,401815387,home,LAA,LAD,true,0.4548,120,123,0.44843,0.00637,0.014204,false,-1,10,1,LAD
2026-05-18,20260702,824277,401815393,away,CLE,DET,false,0.4336,131,134,0.42735,0.00625,0.014624,true,1.34,8,2,CLE
2026-05-18,20260703,823465,401815392,away,CIN,PHI,false,0.5235,-110,104,0.490196,0.033304,0.06794,false,-1,4,5,PHI
2026-05-18,20260707,823549,401815395,away,TOR,NYY,false,0.442,126,146,0.406504,0.035496,0.08732,false,-1,6,7,NYY
2026-05-18,20260709,824114,401815396,away,BOS,KCR,false,0.5313,-113,-111,0.526066,0.005234,0.009949,true,0.900901,3,1,BOS
2026-05-18,20260710,823705,401815397,home,MIN,HOU,true,0.5582,-126,-115,0.534884,0.023316,0.043591,true,0.869565,3,6,MIN
2026-05-18,20260712,824035,401815400,away,ATH,LAA,false,0.5876,-142,-129,0.563319,0.024281,0.043104,false,-1,1,2,LAA
2026-05-18,20260714,823137,401815401,away,CHW,SEA,false,0.4289,133,134,0.42735,0.00155,0.003626,false,-1,1,6,SEA
2026-05-18,20260715,825087,401815403,home,ARI,SFG,true,0.5849,-141,-137,0.578059,0.006841,0.011834,true,0.729927,2,12,ARI
2026-05-19,20260716,823865,401815404,home,MIA,ATL,true,0.521,-109,118,0.458716,0.062284,0.13578,false,-1,8,4,ATL
2026-05-19,20260720,822736,401815408,home,WSN,NYM,true,0.501,-100,111,0.473934,0.027066,0.05711,true,1.11,6,9,WSN
2026-05-19,20260723,824112,401815410,home,KCR,BOS,true,0.5081,-103,113,0.469484,0.038616,0.082253,false,-1,7,1,BOS
2026-05-19,20260729,823136,401815416,home,SEA,CHW,true,0.5787,-137,-137,0.578059,0.000641,0.001109,false,-1,2,1,CHW
2026-05-19,20260730,825086,401815418,home,ARI,SFG,true,0.5948,-147,-126,0.557522,0.037278,0.066863,true,0.793651,3,5,ARI
2026-05-20,20260735,825084,401815433,home,ARI,SFG,true,0.5328,-114,-112,0.528302,0.004498,0.008514,true,0.892857,3,6,ARI
2026-05-20,20260737,823866,401815419,home,MIA,ATL,true,0.3971,152,153,0.395257,0.001843,0.004663,false,-1,9,1,ATL
2026-05-20,20260739,822735,401815423,away,NYM,WSN,false,0.5774,-137,-126,0.557522,0.019878,0.035654,false,-1,4,8,WSN
2026-05-20,20260740,823547,401815424,home,NYY,TOR,true,0.6339,-173,-166,0.62406,0.00984,0.015767,false,-1,2,1,TOR
2026-05-20,20260741,824678,401815427,away,MIL,CHC,false,0.5199,-108,104,0.490196,0.029704,0.060596,true,1.04,5,0,MIL
2026-05-21,20260746,824274,401815435,away,CLE,DET,false,0.5059,-102,108,0.480769,0.025131,0.052272,true,1.08,3,1,CLE
2026-05-21,20260748,822733,401815436,away,NYM,WSN,false,0.5378,-116,-112,0.528302,0.009498,0.017979,true,0.892857,2,1,NYM
2026-05-21,20260751,824031,401815439,away,ATH,LAA,false,0.5233,-110,101,0.497512,0.025788,0.051833,true,1.01,3,2,ATH
2026-05-22,20260755,823461,401815441,home,PHI,CLE,true,0.6622,-196,-186,0.65035,0.01185,0.018222,false,-1,1,0,CLE
2026-05-22,20260756,823546,401815447,home,NYY,TBR,true,0.6144,-159,-154,0.606299,0.008101,0.013361,false,-1,4,2,TBR
2026-05-22,20260758,824761,401815443,away,MIN,BOS,false,0.4523,121,129,0.436681,0.015619,0.035767,true,1.29,8,6,MIN
2026-05-22,20260759,823863,401815444,away,NYM,MIA,false,0.5529,-124,-101,0.502488,0.050412,0.100326,false,-1,1,2,MIA
2026-05-22,20260760,824842,401815442,home,BAL,DET,true,0.5747,-135,-131,0.5671,0.0076,0.013402,true,0.763359,4,7,BAL
2026-05-22,20260761,824922,401815448,away,WSN,ATL,false,0.5037,-101,159,0.3861,0.1176,0.304583,false,-1,4,5,ATL
2026-05-22,20260763,823788,401815450,away,LAD,MIL,false,0.5391,-117,-109,0.521531,0.017569,0.033687,false,-1,1,5,MIL
2026-05-22,20260764,824029,401815455,home,LAA,TEX,true,0.4619,116,135,0.425532,0.036368,0.085465,true,1.35,6,9,LAA
2026-05-23,20260772,823458,401815456,home,PHI,CLE,true,0.6395,-177,-167,0.625468,0.014032,0.022434,true,0.598802,0,3,PHI
2026-05-23,20260773,823222,401815468,away,CHW,SFG,false,0.5293,-112,-103,0.507389,0.021911,0.043183,false,-1,3,10,SFG
2026-05-23,20260775,824920,401815463,away,WSN,ATL,false,0.4577,118,143,0.411523,0.046177,0.112211,true,1.43,2,0,WSN
2026-05-23,20260777,823862,401815459,away,NYM,MIA,false,0.5394,-117,-108,0.519231,0.020169,0.038844,false,-1,1,4,MIA
2026-05-23,20260781,824030,401815470,away,TEX,LAA,false,0.5897,-144,-137,0.578059,0.011641,0.020138,false,-1,2,5,LAA
2026-05-24,20260784,824839,401815472,away,DET,BAL,false,0.5026,-101,105,0.487805,0.014795,0.03033,false,-1,3,5,BAL
2026-05-24,20260787,823544,401815477,home,NYY,TBR,true,0.5878,-143,-141,0.585062,0.002738,0.004679,true,0.70922,0,2,NYY
2026-05-24,20260789,823861,401815474,away,NYM,MIA,false,0.5029,-101,108,0.480769,0.022131,0.046032,false,-1,0,4,MIA
2026-05-24,20260791,823786,401815480,away,LAD,MIL,false,0.619,-162,-149,0.598394,0.020606,0.034436,true,0.671141,5,1,LAD
2026-05-24,20260794,825081,401815484,away,COL,ARI,false,0.3771,165,168,0.373134,0.003966,0.010628,false,-1,1,9,ARI
2026-05-24,20260795,823297,401815482,away,ATH,SDP,false,0.4379,128,144,0.409836,0.028064,0.068476,true,1.44,5,2,ATH
2026-05-24,20260796,824921,401815478,away,WSN,ATL,false,0.4673,114,130,0.434783,0.032517,0.07479,true,1.3,2,1,WSN
2026-05-24,20260771,824840,401873649,home,BAL,DET,true,0.5696,-132,-127,0.559471,0.010129,0.018104,false,-1,4,1,DET
2026-05-25,20260799,823784,401815494,away,STL,MIL,false,0.4291,133,192,0.342466,0.086634,0.252972,false,-1,1,5,MIL
2026-05-25,20260802,823625,401815487,away,CIN,NYM,false,0.487,105,109,0.478469,0.008531,0.01783,true,1.09,7,2,CIN
2026-05-25,20260803,823219,401815495,away,ARI,SFG,false,0.5254,-111,108,0.480769,0.044631,0.092832,true,1.08,6,2,ARI
2026-05-25,20260804,824437,401815490,away,WSN,CLE,false,0.4377,128,139,0.41841,0.01929,0.046103,true,1.39,10,2,WSN
2026-05-25,20260806,823296,401815497,away,PHI,SDP,false,0.5446,-120,-118,0.541284,0.003316,0.006125,true,0.847458,3,0,PHI
2026-05-25,20260808,822812,401815488,away,MIA,TOR,false,0.4543,120,124,0.446429,0.007871,0.017632,true,1.24,8,2,MIA
2026-05-25,20260810,825005,401815498,away,SEA,ATH,false,0.5432,-119,-108,0.519231,0.023969,0.046163,true,0.925926,9,2,SEA
2026-05-26,20260811,824434,401815505,home,CLE,WSN,true,0.5706,-133,-132,0.568966,0.001634,0.002873,false,-1,6,3,WSN
2026-05-26,20260813,823379,401815501,away,CHC,PIT,false,0.4884,105,114,0.46729,0.02111,0.045176,false,-1,1,12,PIT
2026-05-26,20260814,824275,401815499,home,DET,LAA,true,0.596,-148,-137,0.578059,0.017941,0.031036,false,-1,10,6,LAA
2026-05-26,20260817,823624,401815502,home,NYM,CIN,true,0.529,-112,101,0.497512,0.031488,0.06329,false,-1,7,2,CIN
2026-05-26,20260819,823785,401815509,away,STL,MIL,false,0.4139,142,178,0.359712,0.054188,0.150642,false,-1,0,6,MIL
2026-05-26,20260820,824106,401815508,home,KCR,NYY,true,0.4307,132,163,0.380228,0.050472,0.132741,false,-1,15,1,NYY
2026-05-26,20260822,823294,401815512,away,PHI,SDP,false,0.56,-127,-110,0.52381,0.03619,0.069091,true,0.909091,4,3,PHI
2026-05-26,20260823,825004,401815513,home,ATH,SEA,true,0.5534,-124,-112,0.528302,0.025098,0.047507,false,-1,4,1,SEA
2026-05-26,20260824,823216,401815510,away,ARI,SFG,false,0.567,-131,-105,0.512195,0.054805,0.107,true,0.952381,7,5,ARI
2026-05-26,20260825,823949,401815511,away,COL,LAD,false,0.3743,167,197,0.3367,0.0376,0.111671,false,-1,6,15,LAD
2026-05-27,20260826,822809,401815518,away,MIA,TOR,false,0.4515,121,129,0.436681,0.014819,0.033935,false,-1,1,2,TOR
2026-05-27,20260827,824432,401815520,away,WSN,CLE,false,0.4744,111,148,0.403226,0.071174,0.176512,false,-1,2,3,CLE
2026-05-27,20260828,823783,401815524,away,STL,MIL,false,0.4382,128,148,0.403226,0.034974,0.086736,false,-1,1,2,MIL
2026-05-27,20260832,824836,401815519,home,BAL,TBR,true,0.5265,-111,104,0.490196,0.036304,0.07406,true,1.04,2,11,BAL
2026-05-27,20260833,823376,401815516,away,CHC,PIT,false,0.4902,104,104,0.490196,0.000004,0.000008,true,1.04,10,4,CHC
2026-05-27,20260834,824270,401815514,home,DET,LAA,true,0.5831,-140,-112,0.528302,0.054798,0.103725,true,0.892857,0,4,DET
2026-05-27,20260835,824756,401815515,home,BOS,ATL,true,0.5562,-125,-115,0.534884,0.021316,0.039852,true,0.869565,0,8,BOS
2026-05-27,20260836,823626,401815517,home,NYM,CIN,true,0.5981,-149,-123,0.55157,0.04653,0.08436,true,0.813008,2,4,NYM
2026-05-27,20260838,824104,401815523,home,KCR,NYY,true,0.4836,107,129,0.436681,0.046919,0.107444,false,-1,7,0,NYY
2026-05-27,20260839,822897,401815521,home,TEX,HOU,true,0.6265,-168,-149,0.598394,0.028106,0.04697,false,-1,4,3,HOU
2026-05-27,20260840,823947,401815526,away,COL,LAD,false,0.2546,293,343,0.225734,0.028866,0.127878,false,-1,1,4,LAD
2026-05-28,20260846,822896,401815533,home,TEX,HOU,true,0.6063,-154,-149,0.598394,0.007906,0.013213,false,-1,5,1,HOU
2026-05-29,20260850,824835,401815541,home,BAL,TOR,true,0.5743,-135,-126,0.557522,0.016778,0.030094,false,-1,6,5,TOR
2026-05-29,20260851,823623,401815538,home,NYM,MIA,true,0.5818,-139,-115,0.534884,0.046916,0.087713,true,0.869565,7,9,NYM
2026-05-29,20260852,824433,401815537,away,BOS,CLE,false,0.5075,-103,104,0.490196,0.017304,0.0353,false,-1,3,4,CLE
2026-05-29,20260855,824594,401815543,home,CHW,DET,true,0.5405,-118,-112,0.528302,0.012198,0.023089,true,0.892857,3,4,CHW
2026-05-30,20260863,822731,401815555,home,WSN,SDP,true,0.4851,106,113,0.469484,0.015616,0.033263,true,1.13,4,9,WSN
2026-05-30,20260864,822893,401815559,away,KCR,TEX,false,0.5182,-108,-102,0.50495,0.01325,0.026239,false,-1,6,7,TEX
2026-05-30,20260867,823622,401815553,home,NYM,MIA,true,0.6191,-163,-126,0.557522,0.061578,0.110449,true,0.793651,1,6,NYM
2026-05-30,20260872,824513,401815551,home,CIN,ATL,true,0.5083,-103,108,0.480769,0.027531,0.057264,false,-1,5,2,ATL
2026-05-30,20260874,825000,401815563,home,ATH,NYY,true,0.4365,129,134,0.42735,0.00915,0.02141,true,1.34,4,6,ATH
2026-05-30,20260876,823945,401815564,away,PHI,LAD,false,0.5398,-117,105,0.487805,0.051995,0.10659,true,1.05,4,3,PHI
2026-05-31,20260882,822976,401815565,away,LAA,TBR,false,0.3861,159,168,0.373134,0.012966,0.034748,false,-1,2,5,TBR
2026-05-31,20260883,823621,401815568,away,MIA,NYM,false,0.4343,130,133,0.429185,0.005115,0.011919,false,-1,1,10,NYM
2026-05-31,20260884,824592,401815573,away,DET,CHW,false,0.485,106,113,0.469484,0.015516,0.03305,false,-1,1,2,CHW
2026-05-31,20260885,824187,401815575,home,HOU,MIL,true,0.4185,139,159,0.3861,0.0324,0.083915,false,-1,2,0,MIL
2026-05-31,20260887,824354,401815576,away,SFG,COL,false,0.5758,-136,-117,0.539171,0.036629,0.067937,true,0.854701,19,6,SFG
2026-05-31,20260888,825001,401815578,home,ATH,NYY,true,0.4658,115,142,0.413223,0.052577,0.127236,false,-1,13,8,NYY
2026-05-31,20260889,823133,401815577,home,SEA,ARI,true,0.6248,-167,-155,0.607843,0.016957,0.027897,true,0.645161,2,3,SEA
2026-06-01,20260895,823702,401815583,home,MIN,CHW,true,0.5997,-150,-144,0.590164,0.009536,0.016158,true,0.694444,6,9,MIN
2026-06-01,20260898,824027,401815586,away,COL,LAA,false,0.4011,149,162,0.381679,0.019421,0.050882,true,1.62,9,8,COL
2026-06-01,20260899,825078,401815587,home,ARI,LAD,true,0.4534,121,135,0.425532,0.027868,0.06549,true,1.35,1,4,ARI
2026-06-01,20260900,823131,401815588,away,NYM,SEA,false,0.5665,-131,105,0.487805,0.078695,0.161325,false,-1,2,3,SEA
2026-06-02,20260901,822971,401815591,away,DET,TBR,false,0.4748,111,119,0.456621,0.018179,0.039812,true,1.19,8,0,DET
2026-06-02,20260902,823460,401815594,home,PHI,SDP,true,0.6241,-166,-154,0.606299,0.017801,0.02936,true,0.649351,2,3,PHI
2026-06-02,20260904,822728,401815593,home,WSN,MIA,true,0.5435,-119,-114,0.53271,0.01079,0.020254,false,-1,7,3,MIA
2026-06-02,20260905,823541,401815590,away,CLE,NYY,false,0.4798,108,163,0.380228,0.099572,0.261874,true,1.63,9,4,CLE
2026-06-02,20260908,823700,401815597,home,MIN,CHW,true,0.5147,-106,104,0.490196,0.024504,0.049988,true,1.04,4,6,MIN
2026-06-02,20260909,823782,401815599,away,SFG,MIL,false,0.368,172,218,0.314465,0.053535,0.17024,false,-1,3,8,MIL
2026-06-02,20260911,824675,401815596,away,ATH,CHC,false,0.5057,-102,109,0.478469,0.027231,0.056913,true,1.09,2,1,ATH
2026-06-02,20260913,824026,401815601,away,COL,LAA,false,0.4315,132,135,0.425532,0.005968,0.014025,true,1.35,8,2,COL
2026-06-02,20260915,823129,401815603,away,NYM,SEA,false,0.4875,105,124,0.446429,0.041071,0.092,false,-1,3,8,SEA
2026-06-03,20260916,822727,401815608,home,WSN,MIA,true,0.5349,-115,-103,0.507389,0.027511,0.05422,false,-1,4,1,MIA
2026-06-03,20260917,822973,401815606,away,DET,TBR,false,0.4762,110,119,0.456621,0.019579,0.042878,true,1.19,7,2,DET
2026-06-03,20260919,823130,401815618,away,NYM,SEA,false,0.457,119,119,0.456621,0.000379,0.00083,true,1.19,7,1,NYM
2026-06-03,20260921,824755,401815604,away,BAL,BOS,false,0.4372,129,130,0.434783,0.002417,0.00556,false,-1,1,8,BOS
2026-06-03,20260923,824509,401815607,away,KCR,CIN,false,0.4459,124,134,0.42735,0.01855,0.043406,true,1.34,5,2,KCR
2026-06-03,20260924,824917,401815610,away,TOR,ATL,false,0.4638,116,123,0.44843,0.01537,0.034274,false,-1,3,7,ATL
2026-06-03,20260927,824671,401815611,away,ATH,CHC,false,0.4979,101,113,0.469484,0.028416,0.060527,true,1.13,5,4,ATH
2026-06-03,20260928,824188,401815613,away,PIT,HOU,false,0.5995,-150,-144,0.590164,0.009336,0.015819,false,-1,9,11,HOU
2026-06-03,20260929,824024,401815616,away,COL,LAA,false,0.5335,-114,124,0.446429,0.087071,0.19504,false,-1,4,11,LAA
2026-06-03,20260930,825077,401815617,home,ARI,LAD,true,0.3855,159,178,0.359712,0.025788,0.07169,false,-1,7,0,LAD
2026-06-04,20260932,824753,401815619,away,BAL,BOS,false,0.5301,-113,104,0.490196,0.039904,0.081404,true,1.04,8,2,BAL
2026-06-04,20260934,823779,401815626,away,SFG,MIL,false,0.3952,153,158,0.387597,0.007603,0.019616,true,1.58,12,9,SFG
2026-06-04,20260935,824919,401815622,away,TOR,ATL,false,0.3658,173,210,0.322581,0.043219,0.13398,true,2.1,7,2,TOR
2026-06-04,20260938,824185,401815625,away,PIT,HOU,false,0.5481,-121,-108,0.519231,0.028869,0.0556,true,0.925926,5,1,PIT
2026-06-04,20260939,825076,401815627,home,ARI,LAD,true,0.5175,-107,113,0.469484,0.048016,0.102275,true,1.13,2,3,ARI
2026-06-05,20260940,824673,401815638,away,SFG,CHC,false,0.4483,123,134,0.42735,0.02095,0.049022,true,1.34,18,3,SFG
2026-06-05,20260941,824271,401815632,home,DET,SEA,true,0.5172,-107,-101,0.502488,0.014712,0.029279,true,0.990099,3,7,DET
2026-06-05,20260944,822810,401815628,away,BAL,TOR,false,0.4568,119,128,0.438596,0.018204,0.041504,true,1.28,13,3,BAL
2026-06-05,20260947,824186,401815634,away,ATH,HOU,false,0.5269,-111,-105,0.512195,0.014705,0.02871,false,-1,1,5,HOU
2026-06-05,20260950,823699,401815637,away,KCR,MIN,false,0.5337,-114,100,0.5,0.0337,0.0674,false,-1,3,5,MIN
2026-06-05,20260952,825073,401815642,away,WSN,ARI,false,0.4935,103,113,0.469484,0.024016,0.051155,true,1.13,14,1,WSN
2026-06-05,20260953,823293,401815641,away,NYM,SDP,false,0.5187,-108,108,0.480769,0.037931,0.078896,true,1.08,5,0,NYM
2026-06-05,20260954,823943,401815640,away,LAA,LAD,false,0.3933,154,168,0.373134,0.020166,0.054044,false,-1,0,1,LAD
2026-06-06,20260955,824269,401815647,home,DET,SEA,true,0.5099,-104,104,0.490196,0.019704,0.040196,false,-1,4,0,SEA
2026-06-06,20260960,823454,401815645,away,CHW,PHI,false,0.4654,115,117,0.460829,0.004571,0.009918,true,1.17,6,3,CHW
2026-06-06,20260965,822891,401815651,away,CLE,TEX,false,0.4985,101,104,0.490196,0.008304,0.01694,true,1.04,6,0,CLE
2026-06-06,20260968,823942,401815655,away,LAA,LAD,false,0.2746,264,290,0.25641,0.01819,0.07094,false,-1,2,9,LAD
2026-06-06,20260969,823292,401815656,away,NYM,SDP,false,0.5596,-127,-125,0.555556,0.004044,0.00728,false,-1,2,3,SDP
2026-06-07,20260970,823537,401815659,away,BOS,NYY,false,0.5022,-101,123,0.44843,0.05377,0.119906,false,-1,1,6,NYY
2026-06-07,20260971,824916,401815661,away,PIT,ATL,false,0.4895,104,133,0.429185,0.060315,0.140535,false,-1,2,3,ATL
2026-06-07,20260973,822807,401815658,away,BAL,TOR,false,0.4731,111,118,0.458716,0.014384,0.031358,false,-1,4,6,TOR
2026-06-07,20260978,823047,401815665,home,STL,CIN,true,0.6085,-155,-155,0.607843,0.000657,0.001081,true,0.645161,3,5,STL
2026-06-07,20260979,822890,401815666,away,CLE,TEX,false,0.4632,116,119,0.456621,0.006579,0.014408,false,-1,0,10,TEX
2026-06-07,20260980,824349,401815669,home,COL,MIL,true,0.4,150,154,0.393701,0.006299,0.016,false,-1,12,4,MIL
2026-06-07,20260981,825074,401815672,away,WSN,ARI,false,0.4789,109,114,0.46729,0.01161,0.024846,false,-1,1,5,ARI
2026-06-07,20260982,823941,401815670,away,LAA,LAD,false,0.3496,186,214,0.318471,0.031129,0.097744,true,2.14,13,5,LAA
2026-06-07,20260983,823291,401815671,away,NYM,SDP,false,0.5551,-125,-114,0.53271,0.02239,0.04203,true,0.877193,7,3,NYM
2026-06-08,20260986,822972,401815673,home,TBR,BOS,true,0.5333,-114,-111,0.526066,0.007234,0.01375,true,0.900901,1,3,TBR
2026-06-08,20260987,824427,401815674,away,NYY,CLE,false,0.479,109,109,0.478469,0.000531,0.00111,true,1.09,7,5,NYY
2026-06-08,20260988,822806,401815675,home,TOR,PHI,true,0.426,135,153,0.395257,0.030743,0.07778,false,-1,5,2,PHI
2026-06-08,20260989,824025,401815678,home,LAA,HOU,true,0.4914,104,108,0.480769,0.010631,0.022112,false,-1,5,4,HOU
2026-06-08,20260991,823218,401815680,away,WSN,SFG,false,0.4979,101,129,0.436681,0.061219,0.140191,true,1.29,4,3,WSN
2026-06-08,20260992,824998,401815679,home,ATH,MIL,true,0.4875,105,130,0.434783,0.052717,0.12125,false,-1,15,14,MIL
2026-06-09,20260994,823374,401815683,home,PIT,LAD,true,0.5493,-122,-121,0.547511,0.001789,0.003267,false,-1,12,3,LAD
2026-06-09,20260999,822805,401815686,away,PHI,TOR,false,0.5416,-118,-111,0.526066,0.015534,0.029528,false,-1,2,3,TOR
2026-06-09,20261000,823620,401815688,home,NYM,STL,true,0.6068,-154,-136,0.576271,0.030529,0.052976,false,-1,7,0,STL
2026-06-09,20261002,824591,401815689,home,CHW,ATL,true,0.4474,124,130,0.434783,0.012617,0.02902,true,1.3,5,6,CHW
2026-06-09,20261006,823214,401815695,away,WSN,SFG,false,0.5453,-120,-112,0.528302,0.016998,0.032175,true,0.892857,6,3,WSN
2026-06-09,20261007,824999,401815694,away,MIL,ATH,false,0.5599,-127,-113,0.530516,0.029384,0.055387,false,-1,5,7,ATH
2026-06-10,20261009,824428,401815700,away,NYY,CLE,false,0.5008,-100,101,0.497512,0.003288,0.006608,true,1.01,8,4,NYY
2026-06-10,20261012,824831,401815702,away,SEA,BAL,false,0.5749,-135,-115,0.534884,0.040016,0.074813,false,-1,2,7,BAL
2026-06-10,20261013,823372,401815698,home,PIT,LAD,true,0.3874,158,169,0.371747,0.015653,0.042106,true,1.69,8,9,PIT
2026-06-10,20261014,824266,401815699,home,DET,MIN,true,0.631,-171,-171,0.630996,0.000004,0.000006,false,-1,6,4,MIN
2026-06-10,20261016,822804,401815701,away,PHI,TOR,false,0.5914,-145,-136,0.576271,0.015129,0.026253,true,0.735294,7,4,PHI
2026-06-10,20261017,823618,401815703,home,NYM,STL,true,0.6059,-154,-136,0.576271,0.029629,0.051415,false,-1,9,2,STL
2026-06-10,20261019,824590,401815704,away,ATL,CHW,false,0.6006,-150,-149,0.598394,0.002206,0.003687,false,-1,1,2,CHW
2026-06-10,20261022,824022,401815708,away,HOU,LAA,false,0.4965,101,108,0.480769,0.015731,0.03272,false,-1,2,3,LAA
2026-06-11,20261023,823619,401815715,home,NYM,STL,true,0.6029,-152,-148,0.596774,0.006126,0.010265,true,0.675676,4,5,NYM
2026-06-11,20261025,823855,401815711,away,ARI,MIA,false,0.5016,-101,112,0.471698,0.029902,0.063392,false,-1,0,2,MIA
2026-06-11,20261028,823371,401815712,home,PIT,LAD,true,0.4459,124,164,0.378788,0.067112,0.177176,false,-1,8,6,LAD
2026-06-12,20261032,822726,401815725,home,WSN,SEA,true,0.4746,111,120,0.454545,0.020055,0.04412,false,-1,10,2,SEA
2026-06-12,20261036,824507,401815719,away,ARI,CIN,false,0.5227,-110,-105,0.512195,0.010505,0.02051,true,0.952381,5,2,ARI
2026-06-12,20261037,823617,401815720,home,NYM,ATL,true,0.5778,-137,-129,0.563319,0.014481,0.025707,true,0.775194,5,7,NYM
2026-06-12,20261038,822803,401815723,away,NYY,TOR,false,0.5032,-101,102,0.49505,0.00815,0.016464,false,-1,5,8,TOR
2026-06-12,20261039,824588,401815728,home,CHW,LAD,true,0.4704,113,129,0.436681,0.033719,0.077216,true,1.29,2,8,CHW
2026-06-12,20261040,823778,401815729,away,PHI,MIL,false,0.4606,117,209,0.323625,0.136975,0.423254,false,-1,0,6,MIL
2026-06-12,20261041,824102,401815727,away,HOU,KCR,false,0.5166,-107,-105,0.512195,0.004405,0.0086,true,0.952381,10,8,HOU
2026-06-12,20261044,824997,401815732,away,COL,ATH,false,0.3666,173,178,0.359712,0.006888,0.019148,false,-1,4,6,ATH
2026-06-13,20261048,824828,401815739,home,BAL,SDP,true,0.5637,-129,-120,0.545455,0.018245,0.03345,false,-1,9,3,SDP
2026-06-13,20261051,824426,401815736,away,DET,CLE,false,0.5991,-149,-141,0.585062,0.014038,0.023994,false,-1,1,3,CLE
2026-06-13,20261053,824749,401815741,away,TEX,BOS,false,0.4843,106,108,0.480769,0.003531,0.007344,false,-1,3,6,BOS
2026-06-13,20261054,823616,401815735,home,NYM,ATL,true,0.5901,-144,-120,0.545455,0.044645,0.08185,false,-1,3,1,ATL
2026-06-13,20261055,824587,401815743,away,LAD,CHW,false,0.6866,-219,-205,0.672131,0.014469,0.021527,true,0.487805,7,1,LAD
2026-06-13,20261056,824100,401815742,away,HOU,KCR,false,0.5008,-100,104,0.490196,0.010604,0.021632,true,1.04,8,7,HOU
2026-06-13,20261057,823776,401815744,away,PHI,MIL,false,0.4718,112,137,0.421941,0.049859,0.118166,true,1.37,9,8,PHI
2026-06-13,20261058,824995,401815747,away,COL,ATH,false,0.4521,121,134,0.42735,0.02475,0.057914,false,-1,5,7,ATH
2026-06-13,20261060,824019,401815748,away,TBR,LAA,false,0.5438,-119,-115,0.534884,0.008916,0.01667,false,-1,0,8,LAA
2026-06-14,20261063,822722,401815755,home,WSN,SEA,true,0.5371,-116,109,0.478469,0.058631,0.122539,true,1.09,1,10,WSN
2026-06-14,20261064,822801,401815753,home,TOR,NYY,true,0.495,102,113,0.469484,0.025516,0.05435,false,-1,8,3,NYY
2026-06-14,20261065,824506,401815749,away,ARI,CIN,false,0.5717,-133,-111,0.526066,0.045634,0.086745,true,0.900901,5,3,ARI
2026-06-14,20261067,823615,401815750,home,NYM,ATL,true,0.6122,-158,-136,0.576271,0.035929,0.062347,true,0.735294,1,8,NYM
2026-06-14,20261069,823693,401815760,away,STL,MIN,false,0.5138,-106,-103,0.507389,0.006411,0.012635,false,-1,4,5,MIN
2026-06-14,20261070,824586,401815758,home,CHW,LAD,true,0.3826,161,163,0.380228,0.002372,0.006238,true,1.63,4,6,CHW
2026-06-15,20261076,823452,401815765,home,PHI,MIA,true,0.6777,-210,-198,0.66443,0.01327,0.019973,true,0.505051,0,7,PHI
2026-06-15,20261078,824505,401815766,away,NYM,CIN,false,0.5053,-102,113,0.469484,0.035816,0.076289,false,-1,0,12,CIN
2026-06-15,20261079,823046,401815770,away,SDP,STL,false,0.4694,113,125,0.444444,0.024956,0.05615,false,-1,0,3,STL
2026-06-15,20261080,822887,401815769,home,TEX,MIN,true,0.6009,-151,-149,0.598394,0.002506,0.004189,false,-1,4,2,MIN
2026-06-15,20261082,824181,401815768,away,DET,HOU,false,0.5164,-107,104,0.490196,0.026204,0.053456,true,1.04,9,3,DET
2026-06-15,20261083,825071,401815771,home,ARI,LAA,true,0.6665,-200,-137,0.578059,0.088441,0.152996,true,0.729927,3,4,ARI
2026-06-15,20261085,823938,401815773,away,TBR,LAD,false,0.409,144,149,0.401606,0.007394,0.01841,false,-1,3,4,LAD
2026-06-16,20261086,823451,401815776,home,PHI,MIA,true,0.6663,-200,-186,0.65035,0.01595,0.024526,true,0.537634,2,8,PHI
2026-06-16,20261087,824750,401815779,away,TOR,BOS,false,0.5651,-130,-120,0.545455,0.019645,0.036017,true,0.833333,6,1,TOR
2026-06-16,20261090,824504,401815777,away,NYM,CIN,false,0.5763,-136,-117,0.539171,0.037129,0.068864,false,-1,3,5,CIN
2026-06-16,20261091,824912,401815778,away,SFG,ATL,false,0.429,133,144,0.409836,0.019164,0.04676,true,1.44,7,2,SFG
2026-06-16,20261092,823775,401815780,home,MIL,CLE,true,0.618,-162,-156,0.609375,0.008625,0.014154,true,0.641026,1,2,MIL
2026-06-16,20261095,824667,401815781,away,COL,CHC,false,0.3897,157,178,0.359712,0.029988,0.083366,true,1.78,5,2,COL
2026-06-16,20261096,824182,401815782,away,DET,HOU,false,0.4498,122,148,0.403226,0.046574,0.115504,false,-1,2,4,HOU
2026-06-16,20261099,824991,401815787,away,PIT,ATH,false,0.4627,116,119,0.456621,0.006079,0.013313,true,1.19,6,5,PIT
2026-06-16,20261100,823939,401815788,away,TBR,LAD,false,0.488,105,119,0.456621,0.031379,0.06872,false,-1,0,1,LAD
2026-06-17,20261102,822721,401815790,home,WSN,KCR,true,0.5786,-137,-136,0.576271,0.002329,0.004041,false,-1,6,2,KCR
2026-06-17,20261103,823450,401815791,home,PHI,MIA,true,0.5558,-125,-124,0.553571,0.002229,0.004026,false,-1,12,4,MIA
2026-06-17,20261104,824178,401815797,away,DET,HOU,false,0.5428,-119,-110,0.52381,0.01899,0.036255,false,-1,2,4,HOU
2026-06-17,20261105,823044,401815798,away,SDP,STL,false,0.5032,-101,105,0.487805,0.015395,0.03156,true,1.05,6,1,SDP
2026-06-17,20261106,823940,401815802,away,TBR,LAD,false,0.4538,120,130,0.434783,0.019017,0.04374,false,-1,4,5,LAD
2026-06-17,20261107,825072,401815799,home,ARI,LAA,true,0.6539,-189,-175,0.636364,0.017536,0.027557,true,0.571429,1,8,ARI
2026-06-17,20261108,824746,401815794,away,TOR,BOS,false,0.5189,-108,-105,0.512195,0.006705,0.01309,true,0.952381,3,0,TOR
2026-06-17,20261109,823536,401815789,away,CHW,NYY,false,0.4167,140,157,0.389105,0.027595,0.070919,false,-1,5,10,NYY
2026-06-17,20261110,824913,401815793,away,SFG,ATL,false,0.5291,-112,117,0.460829,0.068271,0.148147,true,1.17,7,5,SFG
2026-06-17,20261112,824668,401815796,away,COL,CHC,false,0.4371,129,172,0.367647,0.069453,0.188912,false,-1,6,8,CHC
2026-06-17,20261114,824992,401815801,home,ATH,PIT,true,0.494,102,119,0.456621,0.037379,0.08186,false,-1,12,4,PIT
2026-06-18,20261115,824748,401815806,away,TOR,BOS,false,0.4816,108,119,0.456621,0.024979,0.054704,true,1.19,4,3,TOR
2026-06-18,20261118,823125,401815811,home,SEA,BAL,true,0.5702,-133,-126,0.557522,0.012678,0.02274,true,0.793651,0,3,SEA
2026-06-18,20261119,823448,401815804,away,NYM,PHI,false,0.5369,-116,103,0.492611,0.044289,0.089907,true,1.03,6,4,NYM
2026-06-18,20261123,824989,401815810,away,LAA,ATH,false,0.4066,146,161,0.383142,0.023458,0.061226,false,-1,0,5,ATH
2026-06-19,20261126,823534,401815813,away,CIN,NYY,false,0.3336,200,233,0.3003,0.0333,0.110888,false,-1,0,5,NYY
2026-06-19,20261127,822966,401815816,away,WSN,TBR,false,0.4466,124,135,0.425532,0.021068,0.04951,false,-1,2,5,TBR
2026-06-19,20261129,824910,401815814,home,ATL,MIL,true,0.4567,119,149,0.401606,0.055094,0.137183,true,1.49,2,3,ATL
2026-06-19,20261133,824345,401815821,home,COL,PIT,true,0.5208,-109,119,0.456621,0.064179,0.140552,true,1.19,3,4,COL
2026-06-19,20261134,824990,401815822,away,LAA,ATH,false,0.4405,127,130,0.434783,0.005717,0.01315,false,-1,11,12,ATH
2026-06-19,20261137,823936,401815823,away,BAL,LAD,false,0.4042,147,182,0.35461,0.04959,0.139844,false,-1,5,6,LAD
2026-06-20,20261138,824263,401815825,away,CHW,DET,false,0.5037,-101,108,0.480769,0.022931,0.047696,false,-1,1,4,DET
2026-06-20,20261139,823532,401815826,away,CIN,NYY,false,0.4031,148,164,0.378788,0.024312,0.064184,true,1.64,10,2,CIN
2026-06-20,20261140,824665,401815833,away,TOR,CHC,false,0.4918,103,118,0.458716,0.033084,0.072124,true,1.18,8,6,TOR
2026-06-20,20261148,824988,401815835,home,ATH,LAA,true,0.6557,-190,-162,0.618321,0.037379,0.060453,false,-1,7,0,LAA
2026-06-20,20261149,823937,401815836,away,BAL,LAD,false,0.3934,154,230,0.30303,0.09037,0.29822,true,2.3,3,2,BAL
2026-06-20,20261150,823126,401814478,away,BOS,SEA,false,0.503,-101,105,0.487805,0.015195,0.03115,true,1.05,5,1,BOS
2026-06-20,20261151,825068,401815838,home,ARI,MIN,true,0.5541,-124,-120,0.545455,0.008645,0.01585,false,-1,16,8,MIN
2026-06-21,20261153,824908,401815841,away,MIL,ATL,false,0.5453,-120,-102,0.50495,0.04035,0.079908,true,0.980392,9,4,MIL
2026-06-21,20261155,822968,401815844,away,WSN,TBR,false,0.4699,113,114,0.46729,0.00261,0.005586,false,-1,3,4,TBR
2026-06-21,20261158,824095,401815847,away,STL,KCR,false,0.561,-128,-125,0.555556,0.005444,0.0098,true,0.8,12,10,STL
2026-06-21,20261160,822883,401815846,away,SDP,TEX,false,0.4642,115,135,0.425532,0.038668,0.09087,false,-1,3,4,TEX
2026-06-21,20261162,825067,401815853,home,ARI,MIN,true,0.6212,-164,-136,0.576271,0.044929,0.077965,false,-1,4,2,MIN
2026-06-21,20261163,824987,401815850,away,LAA,ATH,false,0.4858,106,113,0.469484,0.016316,0.034754,true,1.13,9,7,LAA
2026-06-21,20261164,823934,401815851,away,BAL,LAD,false,0.3634,175,194,0.340136,0.023264,0.068396,true,1.94,12,1,BAL
2026-06-21,20261166,823449,401815842,away,NYM,PHI,false,0.4534,121,149,0.401606,0.051794,0.128966,false,-1,2,6,PHI
2026-06-22,20261167,822964,401815856,away,KCR,TBR,false,0.3883,158,158,0.387597,0.000703,0.001814,true,1.58,2,1,KCR
2026-06-22,20261168,823851,401815860,away,TEX,MIA,false,0.5335,-114,113,0.469484,0.064016,0.136355,true,1.13,4,3,TEX
2026-06-22,20261169,824261,401815858,home,DET,NYY,true,0.5366,-116,104,0.490196,0.046404,0.094664,true,1.04,3,5,DET
2026-06-22,20261174,824585,401815862,home,CHW,CLE,true,0.5522,-123,-110,0.52381,0.02839,0.0542,true,0.909091,5,6,CHW
2026-06-22,20261176,823040,401815861,away,ARI,STL,false,0.4763,110,119,0.456621,0.019679,0.043097,false,-1,2,3,STL
2026-06-22,20261178,824016,401815866,away,BAL,LAA,false,0.6245,-166,-158,0.612403,0.012097,0.019753,true,0.632911,6,1,BAL
2026-06-23,20261185,822799,401815868,home,TOR,HOU,true,0.587,-142,-132,0.568966,0.018034,0.031697,false,-1,9,7,HOU
2026-06-23,20261180,822963,401815869,home,TBR,KCR,true,0.6982,-231,-198,0.66443,0.03377,0.050826,false,-1,12,5,KCR
2026-06-23,20261184,822718,401815872,home,WSN,PHI,true,0.4071,146,157,0.389105,0.017995,0.046247,false,-1,14,9,PHI
2026-06-23,20261186,823614,401815867,home,NYM,CHC,true,0.549,-122,-103,0.507389,0.041611,0.08201,false,-1,9,6,CHC
2026-06-23,20261189,823690,401815877,home,MIN,LAD,true,0.4853,106,149,0.401606,0.083694,0.208397,false,-1,12,3,LAD
2026-06-23,20261190,823043,401815875,away,ARI,STL,false,0.521,-109,-107,0.516908,0.004092,0.007916,true,0.934579,4,3,ARI
2026-06-23,20261191,824340,401815878,home,COL,BOS,true,0.4441,125,138,0.420168,0.023932,0.056958,false,-1,5,2,BOS
2026-06-23,20261193,823286,401815880,home,SDP,ATL,true,0.5553,-125,-110,0.52381,0.03149,0.060118,true,0.909091,6,7,SDP
2026-06-23,20261194,823210,401815879,away,ATH,SFG,false,0.453,121,123,0.44843,0.00457,0.01019,false,-1,1,3,SFG
2026-06-24,20261172,823613,401879401,home,NYM,CHC,true,0.5945,-147,-121,0.547511,0.046989,0.085822,false,-1,10,3,CHC
2026-06-24,20261196,824583,401815891,home,CHW,CLE,true,0.5288,-112,-109,0.521531,0.007269,0.013938,false,-1,4,3,CLE
2026-06-24,20261197,824341,401815893,home,COL,BOS,true,0.4508,122,136,0.423729,0.027071,0.063888,true,1.36,6,8,COL
2026-06-24,20261198,824018,401815896,away,BAL,LAA,false,0.4964,101,102,0.49505,0.00135,0.002728,false,-1,6,7,LAA
2026-06-24,20261199,823367,401815888,away,SEA,PIT,false,0.5346,-115,-105,0.512195,0.022405,0.043743,false,-1,1,11,PIT
2026-06-24,20261201,824259,401815886,home,DET,NYY,true,0.5799,-138,-136,0.576271,0.003629,0.006297,false,-1,4,2,NYY
2026-06-24,20261204,823611,401815882,home,NYM,CHC,true,0.5229,-110,-105,0.512195,0.010705,0.0209,false,-1,10,5,CHC
2026-06-24,20261207,823041,401815890,away,ARI,STL,false,0.5362,-116,-102,0.50495,0.03125,0.061886,true,0.980392,9,4,ARI
2026-06-24,20261208,823284,401815895,home,SDP,ATL,true,0.5502,-122,-103,0.507389,0.042811,0.084375,true,0.970874,2,5,SDP
2026-06-24,20261209,823208,401815894,away,ATH,SFG,false,0.5371,-116,-114,0.53271,0.00439,0.00824,false,-1,1,2,SFG
2026-06-25,20261210,822961,401815899,home,TBR,KCR,true,0.6225,-165,-149,0.598394,0.024106,0.040285,true,0.671141,2,13,TBR
2026-06-25,20261211,823366,401815902,away,SEA,PIT,false,0.611,-157,-144,0.590164,0.020836,0.035306,false,-1,1,5,PIT
2026-06-25,20261212,823209,401815905,away,ATH,SFG,false,0.4838,107,118,0.458716,0.025084,0.054684,true,1.18,9,6,ATH
2026-06-25,20261217,824747,401815900,home,BOS,NYY,true,0.5001,-100,123,0.44843,0.05167,0.115223,true,1.23,3,6,BOS
2026-06-26,20261223,822962,401815906,away,ARI,TBR,false,0.5078,-103,114,0.46729,0.04051,0.086692,false,-1,1,6,TBR
2026-06-26,20261225,823610,401815910,home,NYM,PHI,true,0.4994,100,129,0.436681,0.062719,0.143626,false,-1,2,1,PHI
2026-06-26,20261227,824582,401815916,away,KCR,CHW,false,0.4863,106,109,0.478469,0.007831,0.016367,false,-1,1,22,CHW
2026-06-26,20261228,823773,401815914,away,CHC,MIL,false,0.3662,173,207,0.325733,0.040467,0.124234,false,-1,2,6,MIL
2026-06-26,20261231,824014,401815918,away,ATH,LAA,false,0.5584,-126,-114,0.53271,0.02569,0.048225,true,0.877193,9,3,ATH
2026-06-27,20261235,824745,401815924,home,BOS,NYY,true,0.504,-102,102,0.49505,0.00895,0.01808,true,1.02,1,4,BOS
2026-06-27,20261236,822794,401815927,away,TEX,TOR,false,0.3888,157,168,0.373134,0.015666,0.041984,true,1.68,7,4,TEX
2026-06-27,20261238,824581,401815931,away,KCR,CHW,false,0.4833,107,107,0.483092,0.000208,0.000431,false,-1,1,2,CHW
2026-06-27,20261241,824825,401815928,away,WSN,BAL,false,0.5364,-116,-101,0.502488,0.033912,0.067489,true,0.990099,4,3,WSN
2026-06-27,20261242,824421,401815926,away,SEA,CLE,false,0.6082,-155,-155,0.607843,0.000357,0.000587,false,-1,3,4,CLE
2026-06-27,20261244,823770,401815929,away,CHC,MIL,false,0.4437,125,129,0.436681,0.007019,0.016073,true,1.29,8,2,CHC
2026-06-27,20261246,823283,401815935,home,SDP,LAD,true,0.388,158,176,0.362319,0.025681,0.07088,false,-1,15,3,LAD
2026-06-27,20261248,824015,401815933,home,LAA,ATH,true,0.5443,-119,-114,0.53271,0.01159,0.021756,true,0.877193,2,5,LAA
2026-06-28,20261249,824821,401815943,away,WSN,BAL,false,0.387,158,168,0.373134,0.013866,0.03716,true,1.68,6,4,WSN
2026-06-28,20261250,823362,401815937,away,CIN,PIT,false,0.4709,112,117,0.460829,0.010071,0.021853,false,-1,4,9,PIT
2026-06-28,20261252,822959,401815936,away,ARI,TBR,false,0.4286,133,167,0.374532,0.054068,0.144362,false,-1,1,5,TBR
2026-06-28,20261254,823608,401815940,home,NYM,PHI,true,0.4606,117,129,0.436681,0.023919,0.054774,false,-1,5,4,PHI
2026-06-28,20261256,823686,401815945,away,COL,MIN,false,0.4258,135,143,0.411523,0.014277,0.034694,false,-1,2,3,MIN
2026-06-28,20261257,824580,401815946,home,CHW,KCR,true,0.6044,-153,-137,0.578059,0.026341,0.045568,false,-1,5,4,KCR
2026-06-28,20261258,823769,401815944,away,CHC,MIL,false,0.5004,-100,139,0.41841,0.08199,0.195956,true,1.39,4,3,CHC
2026-06-28,20261259,823037,401815947,home,STL,MIA,true,0.5877,-143,-125,0.555556,0.032144,0.05786,true,0.8,1,2,STL
2026-06-28,20261261,823204,401815949,home,SFG,ATL,true,0.412,143,153,0.395257,0.016743,0.04236,true,1.53,2,3,SFG
2026-06-29,20261264,824822,401815951,home,BAL,CHW,true,0.5944,-147,-136,0.576271,0.018129,0.031459,false,-1,8,2,CHW
2026-06-29,20261265,823444,401815954,home,PHI,PIT,true,0.5726,-134,-112,0.528302,0.044298,0.08385,false,-1,11,7,PIT
2026-06-29,20261266,823529,401815952,home,NYY,DET,true,0.6092,-156,-141,0.585062,0.024138,0.041257,false,-1,7,3,DET
2026-06-29,20261267,822792,401815953,away,NYM,TOR,false,0.543,-119,104,0.490196,0.052804,0.10772,false,-1,1,2,TOR
2026-06-29,20261268,824420,401815955,away,TEX,CLE,false,0.4492,123,130,0.434783,0.014417,0.03316,true,1.3,6,3,TEX
2026-06-29,20261270,823771,401815957,away,CIN,MIL,false,0.4644,115,117,0.460829,0.003571,0.007748,false,-1,3,5,MIL
2026-06-29,20261271,824662,401815959,away,SDP,CHC,false,0.4719,112,135,0.425532,0.046368,0.108965,false,-1,2,3,CHC
2026-06-29,20261272,824176,401815958,away,MIN,HOU,false,0.4801,108,119,0.456621,0.023479,0.051419,true,1.19,5,4,MIN
2026-06-29,20261273,824339,401815960,home,COL,MIA,true,0.5001,-100,128,0.438596,0.061504,0.140228,false,-1,10,7,MIA
2026-06-29,20261276,825065,401815963,home,ARI,SFG,true,0.5916,-145,-136,0.576271,0.015329,0.0266,true,0.735294,4,5,ARI
